id,note,property_id,user_id,deleted_at,created_at,updated_at
2,"Reported on See Click Fix by Anonymous - ""The graffiti that was reported time and time again have not been addressed. Additional pieces of graffiti are on this entire building, specially on the back side.

These are viewed on Rt 1 South near the new residential developments. It gives the city a bad look... stop ignoring these reports of this location!"" -  Reported FALSE by ISD 05/12/2016",2364,11,,"2016-07-19 21:14:56","2016-07-19 21:14:56"
3,"See Click Fix - reported by Lopezromero1 ""Graffiti on the back of the building wall,and it's really bad"" - Reported as True by ISD 07/01/2016",2937,11,,"2016-07-19 21:17:24","2016-07-19 21:17:24"
4,"06/23/2016 Graffiti reported by Sharon TND, reported true by ISD 06/23/2016 ",17,11,,"2016-07-19 21:19:01","2016-07-19 21:19:01"
5,"Reported by TND Shopping cart 07/08/2016 - reported True by ISD",591,11,,"2016-07-19 21:22:50","2016-07-19 21:22:50"
6,"Issues reported by Neighborhood walk - Trash by the stairs - The fence is damage - Tree may fall on the house - reported True by ISD 07/12/2016",1621,11,,"2016-07-19 21:25:46","2016-07-19 21:25:46"
11,"Reported by TND, trash and overgrown vegetation",7833,11,"2016-07-20 17:52:10","2016-07-20 17:52:06","2016-07-20 17:52:10"
7,"Graffiti reported by Neighborhood walk - Reported true by ISD 07/08/2016",16168,11,,"2016-07-19 21:27:32","2016-07-19 21:27:32"
15,"Reported by TND 6/1/2016 - ISD will review",863,11,"2016-07-20 18:01:31","2016-07-20 17:54:50","2016-07-20 18:01:31"
16,"Reported by TND 6/1/2016 - ISD will discuss with owner",2138,11,"2016-07-20 18:02:07","2016-07-20 17:55:32","2016-07-20 18:02:07"
24,"Reported by BC 6/1/2016 - Lots of tires - ISD will review",2412,11,,"2016-07-20 18:02:30","2016-07-20 18:02:30"
17,"Reported by TND 6/1/2016 - Lots of tires - ISD will review",2412,11,"2016-07-20 18:02:33","2016-07-20 17:56:27","2016-07-20 18:02:33"
14,"Reported by TND 6/1/2016 - ISD will issue tickets until compliance",18062,11,"2016-07-20 18:02:58","2016-07-20 17:54:08","2016-07-20 18:02:58"
26,"Report by BC 6/1/2016 - Bought by Rick Costa. ISD will check MassDOT easement for issues with Police",7501,11,,"2016-07-20 18:03:31","2016-07-20 18:03:31"
21,"BC report 6/1/2016 - Bought by Rick Costa. ISD will check MassDOT easement for issues with Police",7501,11,"2016-07-20 18:03:34","2016-07-20 18:00:44","2016-07-20 18:03:34"
12,"Reported by TND - trash and overgrown vegetation - 6/1/2016",7833,11,"2016-07-20 18:03:57","2016-07-20 17:52:29","2016-07-20 18:03:57"
9,"Trash - reported by TND 1/15/2016",10064,11,"2016-07-20 18:04:25","2016-07-20 17:50:11","2016-07-20 18:04:25"
19,"Report by TND 6/1/2016 - tickets already issued but nothing changes",10747,11,"2016-07-20 18:04:52","2016-07-20 17:58:50","2016-07-20 18:04:52"
18,"Report TND 6/1/2016 - vacant lot - owner promised landscaper cleanup. ISD will keep an eye on this. ",10748,11,"2016-07-20 18:05:19","2016-07-20 17:57:30","2016-07-20 18:05:19"
20,"Reported by TND 6/1/2016 - ISD will review",13261,11,"2016-07-20 18:05:39","2016-07-20 17:59:36","2016-07-20 18:05:39"
32,"""Rats just roaming the streets with not a care in the world"" by Anonymous - reported true on 05/05/2016 by ISD",16769,11,,"2016-07-21 02:12:13","2016-07-21 02:12:13"
33,"See Click Fix - Anonymous ""All in front of 21 Gerrish to 27 Gerrish are rat holes in the mulch going under the front doors. If you're up early enough you can still see them running around."" on 06/23/2016, reported False by ISD on 07/14/2016",15147,11,,"2016-07-21 02:15:47","2016-07-21 02:15:47"
35,"See Click Fix - Rats reported on 06/14/2016 - reported false by ISD 07/24/2016",5971,11,,"2016-07-21 02:17:57","2016-07-21 02:17:57"
34,"See Click Fix - Rats reported on 07/14/2016 - reported false by ISD 06/24/2016 ",5971,11,"2016-07-21 02:18:00","2016-07-21 02:17:37","2016-07-21 02:18:00"
36,"See Click Fix - Illegal dumping / rat nest reported on 07/18/2016 - ""The people living at 127 Walnut st cleaned out their shed and dumped all the scrap wood and other random objects from it onto the empty grassy lot area that runs parallel to the Tobin Bridge, this dumping area is quickly becoming a rat nest and is an awful sight. This is a frequent problem that occurs with these neighbors of mine, they constantly dump their empty beer cans and other food items onto these grassy lot which attracts rats in high volume."" Reported False by ISD on 07/18/2016 ",7609,11,,"2016-07-21 02:20:55","2016-07-21 02:20:55"
37,"From Helene Zucco (Chelsea Restoration Corporation) on See Click Fix : Unfortunately the graffiti has not been removed completely. I think the graffiti will only be removed by power washing. I will meet you to show you where it is. Issue reported as FALSE by ISD - 12/08/2015",2737,11,,"2016-07-21 02:24:29","2016-07-21 02:24:29"
1,"From Helene Zucco on See Click Fix : Unfortunately the graffiti has not been removed completely.  I think the graffiti will only be removed by power washing.  I will meet you to show you where it is.
Issue reported as FALSE by ISD - 12/08/2015",2737,11,"2016-07-21 02:24:33","2016-07-19 21:12:41","2016-07-21 02:24:33"
38,"See Click Fix - reported on 02/17/2016 - I am wondering if this house is up to code. I was just walking in front of this house when a piece of the roof fell off right next to me. The roof has been covered with a tarp that flaps and is a noise nuisance all throughout the day/night. Plus gutters are being held on by 1 nail on right side. Also shingles and nails are constantly flying off. Can we check into this before a preventable accident occurs. issue reported true by ISD 07/13/2016 ",5310,11,,"2016-07-21 02:27:07","2016-07-21 02:27:07"
76,"Reviewed at Targeted Code meeting July 2016: Last CoH inspection noted violations in 2 units - what is being done? Need ISD follow up
",329,11,"2016-08-03 14:49:19","2016-08-03 14:49:16","2016-08-03 14:49:19"
66,"Reviewed at Targeted Code meeting July 2016: Vacant unit (unit 3, belongs to 30 Gibson LLC/Brookline) ",16090,11,"2016-08-03 14:51:43","2016-08-03 14:34:26","2016-08-03 14:51:43"
79,"Reviewed Targeted code meeting July 1016: issue with illegal apartment in attic corrected and building permit ok. Vacant units occupied and a CoH letter has been sent out by ISD. Need follow up. ",1321,11,,"2016-08-03 14:56:07","2016-08-03 14:56:07"
80,"Reviewed at targeted Code meeting on July 2016: Owner said unit 2 vacant on 6/24/15, exemption for second floor, Need ISD follow up for CoH. ",1933,11,,"2016-08-03 14:58:01","2016-08-03 14:58:01"
81,"Reviewed targeted Code meeting July 2016: Affidavits expired, ISD needs to send out letter. ",3291,11,"2016-08-03 14:59:38","2016-08-03 14:59:12","2016-08-03 14:59:38"
28,"Trash - reported by BC 1/15/2016",10064,11,"2016-08-04 13:55:05","2016-07-20 18:04:20","2016-08-04 13:55:05"
27,"Reported by BC - trash and overgrown vegetation - 6/1/2016
",7833,11,"2016-08-04 13:58:20","2016-07-20 18:03:54","2016-08-04 13:58:20"
390,"PP meeting Nov 2016: need to send a letter of intent. If not D'Ambrosio. ",840,11,,"2016-12-06 15:08:28","2016-12-06 15:08:28"
23,"Reported by BC 6/1/2016 - ISD will discuss with owner",2138,11,"2016-08-04 14:03:43","2016-07-20 18:02:04","2016-08-04 14:03:43"
30,"Reported by BC 6/1/2016 - vacant lot - owner promised landscaper cleanup. ISD will keep an eye on this.",10748,11,"2016-08-04 14:07:52","2016-07-20 18:05:17","2016-08-04 14:07:52"
29,"Report by BC 6/1/2016 - tickets already issued but nothing changes
",10747,11,"2016-08-04 14:11:16","2016-07-20 18:04:51","2016-08-04 14:11:16"
31,"Reported by BC 6/1/2016 - ISD will review",13261,11,"2016-08-04 14:12:32","2016-07-20 18:05:37","2016-08-04 14:12:32"
8,"See click Fix (David C) ""Graffiti on side of Chelsea Dry Cleaners..."" reported True 07/14/2016",3799,11,,"2016-07-19 21:29:02","2016-07-19 21:29:02"
22,"Reported by BC 6/1/2016 - ISD will review",863,11,"2016-09-14 17:24:36","2016-07-20 18:01:42","2016-09-14 17:24:36"
10,"Reported by TND - owner is going to pave - let's just keep an eye on it and make sure it is done",7659,11,"2016-07-20 17:53:06","2016-07-20 17:51:12","2016-07-20 17:53:06"
40,"See Click Fix report on 06/24/2016 - reported true by ISD 06/25/2016",4930,11,,"2016-07-21 02:37:08","2016-07-21 02:37:08"
41,"See Click Fix - Overgrown vegetation reported on 06/24/2016 - Reported True by ISD on 07/14/2016 ",7764,11,,"2016-07-21 02:38:52","2016-07-21 02:38:52"
42,"See Click Fix - Reported by TND on 06/24/2016 - ""This wood panel may fall on pedestrians walking by it"" - reported true by ISD 07/15/2016 	",8439,11,,"2016-07-21 02:40:47","2016-07-21 02:40:47"
43,"See Click Fix - Overgrown vegetation by TND reported on 06/24/2016 - reported true by ISD 07/15/2016 	",1288,11,,"2016-07-21 02:44:43","2016-07-21 02:44:43"
44,"See Click Fix - Over grown weeds reported by TND on 	06/24/2016 - reported true by ISD 07/15/2016 ",943,11,,"2016-07-21 02:46:17","2016-07-21 02:46:17"
45,"See Click Fix - Overgrown vegetation reported on 06/24/2016 by TND - reported true by ISD 07/15/2016 
",1036,11,,"2016-07-21 02:48:08","2016-07-21 02:48:08"
46,"See Click Fix - Reported by TND on 06/24/2016Cans being used to prop up air conditioner. This seems like a safety hazard. reported true by ISD on 07/15/2016 - ",1422,11,,"2016-07-21 02:50:14","2016-07-21 02:50:14"
47,"See Click Fix - Reported by TND 06/27/2016 - Sign advertising car detailing on fence of home. Reported True by ISD 07/07/2016 ",1505,11,,"2016-07-21 02:53:03","2016-07-21 02:53:03"
49,"See Click Fix - reported by Anonymous on 07/14/2016 - ""Someone has tagged both Sully's Variety and Nieves Groceries. The photo below shows the one at Sully's as Nieves Groceries is on their store shutter and is only visible when they are closed."" - reported true by ISD 07/04/2016 ",10096,11,,"2016-07-21 02:58:52","2016-07-21 02:58:52"
51,"See Click Fix - Reported on 07/10/2016 - Graffiti on side of Chelsea Dry Cleaners - Reported True by ISD on 07/14/2016 ",17546,11,,"2016-07-21 03:04:31","2016-07-21 03:04:31"
52,"See Click Fix - reported on 07/11/2016 - TV has been on the sidewalk for almost three weeks. reported true by ISD on 07/12/2016 
",6782,11,,"2016-07-21 03:07:04","2016-07-21 03:07:04"
53,"See Click Fix - Reported on 07/18/2016 - Very messy garbage area in alley reported true by ISD on 07/18/2016 ",827,11,,"2016-07-21 03:09:47","2016-07-21 03:09:47"
54,"rats - talk about it to Franck ",836,11,"2016-07-21 19:39:40","2016-07-21 19:39:33","2016-07-21 19:39:40"
55,"was referred to building department for illegal bedroom in July 2015. No CoH, inspection done but CoH not completed, will received a fine from ISD + brochure illegal apartment and CoH. ",1232,11,"2016-08-03 14:13:26","2016-08-03 14:12:39","2016-08-03 14:13:26"
56,"Reviewed at targeted Code meeting July 2016 : owner was referred to building department for illegal bedroom in July 2015. No CoH, inspection done but CoH not completed, will received a fine from ISD + brochure illegal apartment and CoH.",1232,11,,"2016-08-03 14:13:46","2016-08-03 14:13:46"
57,"Reviewed at Targeted Code meeting July 2016: inspection revealed violations in all 3 units, corrected and CoH delivered. ",133,11,,"2016-08-03 14:15:22","2016-08-03 14:15:22"
50,"See Click Fix - Neighborhood Walk reported on 07/08/2016 - Retaining wall issues. Reported true by ISD on 07/08/2016 ",16799,11,,"2016-07-21 03:02:24","2016-07-21 03:02:24"
60,"Reviewed at Targeted Code meeting July 2016: Owner has cancelled the scheduled CoH inspection; will get a ticket from ISD. ",7497,11,,"2016-08-03 14:19:13","2016-08-03 14:19:13"
61,"Reviewed at targeted Code meeting July 2016: Building Permit OK for illegal basement; But Lead certificate on hold. ",2077,11,,"2016-08-03 14:20:48","2016-08-03 14:20:48"
62,"Reviewed at Targeted Code meeting July 2016: Unit 1 in a 3 unit building was vacant at time of inspection 7/24/15 - will schedule a CoH inspection when new tenants. 
",588,11,,"2016-08-03 14:23:41","2016-08-03 14:23:41"
63,"Reviewed Targeted Code meeting 2016: affidavits on file. ",2081,11,,"2016-08-03 14:25:13","2016-08-03 14:25:13"
64,"Reviewed at Targeted Code meeting July 2016: new owner but still overgrown vegetation. ",7,11,,"2016-08-03 14:28:58","2016-08-03 14:28:58"
69,"Reviewed at Targeted Code meeting in July 2016: Of the 6 units only 1 has a CoH, last contact in March 2016, ISD to contact the owner.",6780,11,,"2016-08-03 14:38:52","2016-08-03 14:38:52"
70,"Reviewed at Targeted code meeting in July 2016: 3 of 6 units have no CoH. ISD needs to contact the owner. last contact in March 2016. ",6783,11,,"2016-08-03 14:40:34","2016-08-03 14:40:34"
71,"Reviewed Targeted Code meeting July 2016: 1 of the 6 units has a violation on lead certificate. ",1341,11,,"2016-08-03 14:44:04","2016-08-03 14:44:04"
72,"Reviewed at Targeted code meeting July 2016: 1/8/16 inspected and violation. Need ISD follow up. ",5313,11,,"2016-08-03 14:45:43","2016-08-03 14:45:43"
73,"Reviewed at targeted Code meeting July 2016: Unit 3 needs Lead certificate. Referred to Chelsea restoration Corporation. ",4644,11,,"2016-08-03 14:47:47","2016-08-03 14:47:47"
74,"Reviewed at Targeted Code meeting July 2016: Last CoH inspection noted violations in 2 units - what is being done? Need ISD follow up
",329,11,,"2016-08-03 14:49:06","2016-08-03 14:49:06"
75,"Reviewed at Targeted Code meeting July 2016: Last CoH inspection noted violations in 2 units - what is being done? Need ISD follow up
",329,11,"2016-08-03 14:49:20","2016-08-03 14:49:15","2016-08-03 14:49:20"
77,"Reviewed at Targeted Code meeting July 2016: Vacant unit (unit 3, belongs to 30 Gibson LLC/Brookline). Owner said will call when new tenants. ",16090,11,,"2016-08-03 14:51:39","2016-08-03 14:51:39"
78,"Reviewed at Targeted Code meeting July 2016: On 8/14/15 all units said vacant by owner who said will call when new tenants. Need ISD follow up. ",978,11,,"2016-08-03 14:54:11","2016-08-03 14:54:11"
59,"Reviewed at Targeted Code meeting July 2016: CoH inspection done, owner will have to pay the tickets or appeal.",184,11,,"2016-08-03 14:17:45","2016-08-03 14:17:45"
65,"Reviewed at Targeted Code meeting July 2016: no response at all to ISD mailing. It is reaching a point where it is problematic. Should be forwarded to Law Department. ",15846,11,,"2016-08-03 14:31:46","2016-08-03 14:31:46"
67,"Reviewed at Targeted Code meeting in July 2016: Of the 6 units only 1 has a CoH, last contact in March 2016, ISD to contact the owner. 
",15278,11,"2016-08-03 14:37:08","2016-08-03 14:36:41","2016-08-03 14:37:08"
68,"Reviewed at Targeted Code meeting July 2016: 9 units of 25 need CoH, pending since Jan 2016. ISD needs to check on current status. Tax title with Law Dpt for unpaid taxes. ",15278,11,,"2016-08-03 14:38:24","2016-08-03 14:38:24"
82,"Reviewed targeted Code meeting July 2016: Affidavits expired, ISD needs to send out letter. 6/1/15 son lives in Unit 1, owner in unit 3 and Unit 2 has CoH. ",3291,11,,"2016-08-03 15:00:04","2016-08-03 15:00:04"
83,"Reviewed targeted Code meeting July 2016: Adriana Graham: when contacted in 6/15/15 owner said 2 of 3 units are daughter occupied. 1 is owner occupied. Affidavits expired. Need ISD to send out a CoH letter. ",1211,11,,"2016-08-03 15:01:43","2016-08-03 15:01:43"
85,"Reviewed targeted Code meeting July 2016: When contacted 6/1/15 owner said all units occupied by family members. Owner deceased. 30 heirs. ",1451,11,,"2016-08-03 15:45:45","2016-08-03 15:45:45"
84,"Reviewed targeted Code meeting July 2016: When contacted 6/1/15 owner said all units occupied by family members. Owner deceased. 30 heirs. ",1451,11,"2016-08-03 15:45:47","2016-08-03 15:45:45","2016-08-03 15:45:47"
86,"Reviewed at targeted Code meeting July 2016: when contacte 7/17/15 owner said both unites occupied by family members. Affidavits expired. Need ISD follow up. ",1856,11,,"2016-08-03 15:47:49","2016-08-03 15:47:49"
87,"Reviewed at Targeted Code meeting July 2016: when contacted 6/8/2015 owner said both units occupied by owner. Affidavits expired. Need ISD follow up. ",2019,11,,"2016-08-03 15:49:32","2016-08-03 15:49:32"
88,"Reviewed at Targeted Code meeting : Unit 139-3 expired CoH mailing. need ISD follow up. ",6775,11,,"2016-08-03 15:51:01","2016-08-03 15:51:01"
90,"Reviewed at targeted Code meeting July 2016: Seasonal home. Last year all pipes froze. Bill on file. ",2976,11,,"2016-08-03 15:53:05","2016-08-03 15:53:05"
91,"Trash - reported by BC 1/15/2016 - reported resolved at BC July meeting. ",10064,11,"2016-08-04 13:59:21","2016-08-04 13:55:03","2016-08-04 13:59:21"
98,"Trash - lots of tires - reported by BC at June 2016 meeting. ISD ticketed and issue reported as resolved at July 2016 meeting. ",2963,11,,"2016-08-04 14:06:24","2016-08-04 14:06:24"
99,"Reported by BC at June 2016 meeting - vacant lot - owner promised landscaper cleanup.Reported resolved at BC July meeting: landscapers were cutting the vegetation on July 1st and will come every 3 weeks",10748,11,,"2016-08-04 14:07:50","2016-08-04 14:07:50"
100,"Report by BC at June 16 meeting - ISD has and will issue tickets. Reported resolved at July 2016 meeting. ",10747,11,,"2016-08-04 14:11:13","2016-08-04 14:11:13"
102,"Reported at June 2016 and July 2016 BC meeting. Has just been bought, navigator Mike Cane, will check on the people there. Area has been cleaned",17547,11,,"2016-08-04 14:14:56","2016-08-04 14:14:56"
94,"Trash - reported by BC 1/15/2016 - reported resolved at BC meeting in July 2016.",10064,11,"2016-08-04 14:17:37","2016-08-04 13:59:18","2016-08-04 14:17:37"
109,"Graffiti reported by BC 2016 - resolved. ",840,11,,"2016-08-04 14:31:57","2016-08-04 14:31:57"
108,"Graffiti reported by BC 2016",840,11,"2016-08-04 14:31:58","2016-08-04 14:31:38","2016-08-04 14:31:58"
104,"Reported at BC July 2016 meeting - City will auction off in Fall",4475,11,"2016-08-04 14:35:46","2016-08-04 14:20:23","2016-08-04 14:35:46"
112,"Reported BC June 2016 - mattresses in the back near the fence, fire hazard. Reported cleaned up. 
New issue reported at BC July 2016 meeting - ISD needs to check on Backwards fence",1391,11,,"2016-08-04 14:37:19","2016-08-04 14:37:19"
105,"Reported at BC July 2016 meeting - ISD needs to check on Backwards fence",1391,11,"2016-08-04 14:37:21","2016-08-04 14:21:51","2016-08-04 14:37:21"
114,"Reported by BC at June 2016 meeting. back is full of trash. developer of Chelsea clock area is looking to acquire. Clean up order. Reported resolved July 2016. ",2591,11,,"2016-08-04 14:40:52","2016-08-04 14:40:52"
115,"Reported at BC meeting July 2016 - Cars parked illegally. City is trying to sell property. ",17174,11,,"2016-08-04 14:42:01","2016-08-04 14:42:01"
117,"Debris accumulation reported by BC at June 2016 meeting. ISD doesn't think needs to be ticketed. ",7842,11,,"2016-08-04 14:45:28","2016-08-04 14:45:28"
97,"Reported BC June 2016 meeting - ISD will discuss with owner
Reviewed BC July 2016 meeting - Frank has discussed with the owner, building has been cleaned up",2138,11,"2016-08-04 14:50:15","2016-08-04 14:03:41","2016-08-04 14:50:15"
123,"Reported deserted lot with overgrown vegetation at BC June 2016 meeting. Ticketed by ISD. Issue resolved. ",1282,11,,"2016-08-04 14:54:10","2016-08-04 14:54:10"
119,"Reported at BC June 2016 meeting.smells like urine and is covered in pigeon waste. Owner got special permit to renovate into building. Need ISD follow up.",16914,11,"2016-08-04 15:24:23","2016-08-04 14:47:55","2016-08-04 15:24:23"
118,"Reported at BC June 2016 meeting.smells like urine and is covered in pigeon waste. Owner got special permit to renovate into building. Need ISD follow up. ",15906,11,"2016-08-04 15:24:45","2016-08-04 14:47:26","2016-08-04 15:24:45"
103,"Trash - reported by BC 1/15/2016 - reported resolved at BC meeting in July 2016.
New issue reported at July 2016 meeting - Branches on the sidewalk and overhanging public way on Bellingham. Need ISD follow up. ",10064,11,"2016-09-07 19:17:26","2016-08-04 14:17:35","2016-09-07 19:17:26"
113,"Litter reported by BC at June 2016 meeting. Issue resolved. ",1575,11,"2016-10-12 19:24:29","2016-08-04 14:38:49","2016-10-12 19:24:29"
101,"Reported by BC at June 2016 meeting - ISD will review
Reported by BC at July 2016 meeting - Still a small piece of graffiti, has been ticketed, not yet resolved. ",13261,11,"2016-09-07 19:32:09","2016-08-04 14:12:30","2016-09-07 19:32:09"
106,"Reported by BC at July 2016 meeting - retaining wall. Need ISD follow up. ",1195,11,"2016-09-07 19:48:06","2016-08-04 14:23:08","2016-09-07 19:48:06"
13,"Reported by TND - owner is going to pave - let's just keep an eye on it and make sure it is done - 6/1/2016",7659,11,"2016-08-04 13:56:44","2016-07-20 17:53:03","2016-08-04 13:56:44"
89,"Reviewed at Targeted Code meeting July 2016: CoH mailing expired, need ISD follow up. ",18035,11,,"2016-08-03 15:52:04","2016-08-03 15:52:04"
110,"Reported at BC June 2016 meeting. Trash. Is it city owned? Need to clean up the area. ",17548,11,"2016-09-14 17:46:49","2016-08-04 14:33:42","2016-09-14 17:46:49"
96,"Reported by BC at June 2016 meeting. Reviewed in July, but not resolved. ISD is ticketing. ",11610,11,"2016-09-14 17:25:23","2016-08-04 14:02:10","2016-09-14 17:25:23"
121,"Trash - lots of tires - reported by BC at June 2016 meeting. ISD ticketed and issue reported as resolved at July 2016 meeting.",2963,11,"2016-09-14 17:27:10","2016-08-04 14:50:56","2016-09-14 17:27:10"
107,"Reported by BC at July 2016 meeting. ",16172,11,"2016-09-07 19:52:14","2016-08-04 14:24:38","2016-09-07 19:52:14"
116,"trash reported at BC 2016 meeting. fixed but needs to be monitored by ISD. ",15297,11,"2016-10-12 16:47:33","2016-08-04 14:44:26","2016-10-12 16:47:33"
111,"Reported at BC July 2016 meeting - doing construction and leaving their materials - City will auction off in Fall",4475,11,"2016-10-17 19:55:35","2016-08-04 14:35:44","2016-10-17 19:55:35"
95,"Reported by BC 6/1/2016 - ISD will issue tickets until compliance
Reported by BC at July 2016 meeting. Property will be in receivership if they don’t act quickly, have received the letter of the AG
",18062,11,"2016-09-07 19:20:00","2016-08-04 14:00:32","2016-09-07 19:20:00"
122,"Reported by BC at June 2016 meeting - vacant lot - owner promised landscaper cleanup.Reported resolved at BC July meeting: landscapers were cutting the vegetation on July 1st and will come every 3 weeks",10748,11,"2016-10-24 19:45:54","2016-08-04 14:52:36","2016-10-24 19:45:54"
124,"Reported at BC July 2016 meeting. Homeless people hanging out. Need ISD follow up. ",2158,11,,"2016-08-04 14:56:14","2016-08-04 14:56:14"
130,"Overgrown vegetation reported at BC July 2016 meeting. ISD started ticketing the owner last week, but she thinks the City is harassing her. Need ISD follow up.",15734,11,,"2016-08-04 15:04:24","2016-08-04 15:04:24"
131,"Overgrown vegetation reported at BC July 2016 meeting. ISD started ticketing the owner last week, but she thinks the City is harassing her. Need ISD follow up.",16071,11,,"2016-08-04 15:04:32","2016-08-04 15:04:32"
132,"Overgrown vegetation reported at BC July 2016 meeting. ISD started ticketing the owner last week, but she thinks the City is harassing her. Need ISD follow up.",15748,11,,"2016-08-04 15:04:43","2016-08-04 15:04:43"
120,"Reported BC June 2016 meeting - people hanging out and defecating. ISD will discuss with owner Reviewed BC July 2016 meeting - Frank has discussed with the owner, building has been cleaned up",2138,11,"2016-08-04 15:08:32","2016-08-04 14:50:13","2016-08-04 15:08:32"
136,"Reported at BC July meeting - owner experiencing dumping. Very little can be done. ",5284,11,,"2016-08-04 15:12:01","2016-08-04 15:12:01"
142,"overgrown vegetation reported at BC July 2016 meeting. Suffolk prison crew will be asked to clean up. ",2640,11,,"2016-08-04 15:18:06","2016-08-04 15:18:06"
144,"Reported at BC June 2016 meeting.smells like urine and is covered in pigeon waste. Owner got special permit to renovate into building. Need ISD follow up. An inspection was scheduled in June and 2 tenants evicted. New owner got a permit for building apartment. Need monitoring from ISD. 
",16914,11,,"2016-08-04 15:24:20","2016-08-04 15:24:20"
145,"Reported at BC June 2016 meeting.smells like urine and is covered in pigeon waste. Owner got special permit to renovate into building. Need ISD follow up. An inspection was scheduled in June and 2 tenants evicted. New owner got a permit for building apartment. Need monitoring from ISD.",15906,11,,"2016-08-04 15:24:43","2016-08-04 15:24:43"
147,"Drug related activity. Reported by BC at July 2016 meeting.",16172,11,,"2016-08-04 15:26:13","2016-08-04 15:26:13"
148,"Drug related activity. Reported by BC at July 2016 meeting.",15697,11,,"2016-08-04 15:26:29","2016-08-04 15:26:29"
149,"Drug related activity. Reported by BC at July 2016 meeting.",16106,11,,"2016-08-04 15:26:38","2016-08-04 15:26:38"
152,"Reported at BC July meeting. graffiti, litter, overgrown vegetation. Need ISD follow up.",10205,11,,"2016-08-04 15:29:46","2016-08-04 15:29:46"
153,"Illegal unit - need new CoH and ISD follow up. ",2311,11,,"2016-08-09 19:20:55","2016-08-09 19:20:55"
93,"Reported at BC meeting in June 2016 - trash and overgrown vegetation - Owner is ill. Reviewed at BC meeting in July 2016: grass cut but growing again. Frank is talking with them and son will cut the grass",7833,11,"2016-09-07 18:59:43","2016-08-04 13:58:18","2016-09-07 18:59:43"
155,"Reported at BC meeting in June 2016 - trash and overgrown vegetation. ISD ticketed. Reviewed at BC meeting in July 2016 and September 2016: Issue resolved. ",7843,11,,"2016-09-07 19:01:38","2016-09-07 19:01:38"
156,"Trash - reported by BC 1/15/2016 - reported resolved at BC meeting in July 2016. New issue reported at July 2016 meeting - Branches on the sidewalk and overhanging public way on Bellingham. Reviewed at BC: issue resolved. ",10064,11,"2016-09-07 19:02:50","2016-09-07 19:02:48","2016-09-07 19:02:50"
157,"Trash - reported by BC 1/15/2016 - reported resolved at BC meeting in July 2016. New issue reported at July 2016 meeting - Branches on the sidewalk and overhanging public way on Bellingham. Issue resolved. ",10064,11,"2016-09-07 19:17:27","2016-09-07 19:04:38","2016-09-07 19:17:27"
125,"Reported at BC July 2016 meeting. DOT property, under Rte 1.  no barrier - Trash, drugs, people in the back. recently bought, ISD will check it out. Navigator will go. ",9907,11,"2016-09-07 19:38:39","2016-08-04 14:58:06","2016-09-07 19:38:39"
137,"Reported at BC July meeting - owner experiencing dumping. Very little can be done.",5284,11,"2016-09-14 18:00:04","2016-08-04 15:12:32","2016-09-14 18:00:04"
141,"grafitti reported at BC July 2016 meeting. ISD will follow up.
",2894,11,,"2016-08-04 15:17:11","2016-08-04 15:17:11"
126,"overgrown vegetationReported at BC July 2016 meeting. Need ISD follow up. ",64,11,"2016-09-07 20:04:01","2016-08-04 15:00:00","2016-09-07 20:04:01"
138,"Litter reported at BC July 2016 meeting. suffolk county prison crew will be asked to clean up. ",15660,11,"2016-09-07 20:04:39","2016-08-04 15:13:40","2016-09-07 20:04:39"
129,"Overgrown vegetation reported at BC July 2016  meeting. ISD started ticketing the owner last week, but she thinks the City is harassing her. Need ISD follow up. ",16242,11,"2016-09-07 20:07:33","2016-08-04 15:03:53","2016-09-07 20:07:33"
135,"Overgrown vegetation, trash reported at BC July 2016 meeting. Needs ISD follow up. ",7603,11,"2016-09-07 20:12:00","2016-08-04 15:10:46","2016-09-07 20:12:00"
134,"Overgrown vegetation, trash, reported at BC July 2016 meeting. Need ISD follow up. ",2276,11,"2016-09-07 20:12:29","2016-08-04 15:09:14","2016-09-07 20:12:29"
127,"Broken bricks, broken stairways, trash, reported at BC July 2016 meeting. Need ISD follow up and Law Department as well. ",18106,11,"2016-09-07 19:53:24","2016-08-04 15:01:24","2016-09-07 19:53:24"
158,"Trash - reported by BC 1/15/2016 - reported resolved by ISD at BC meeting in July 2016 (ticketed). New issue reported at July 2016 meeting - Branches on the sidewalk and overhanging public way on Bellingham. Issue resolved.",10064,11,"2016-09-07 20:46:49","2016-09-07 19:17:14","2016-09-07 20:46:49"
154,"Reported at BC meeting in June 2016 - trash and overgrown vegetation - Owner is ill. Reviewed at BC meeting in July 2016: grass cut but growing again. Frank is talking with them and son will cut the grass. Reviewed at BC meeting in August 2016: Frank will ask ROCA to clean up the area. ",7833,11,"2016-09-07 20:48:40","2016-09-07 18:59:39","2016-09-07 20:48:40"
150,"overgrown vegetationReported at BC July 2016 meeting. Need ISD follow up.
",64,11,,"2016-08-04 15:27:34","2016-08-04 15:27:34"
143,"Reported at BC July 2016 meeting. The ISD inspectors didn’t consider it dangerous but it is in a state of disrepair that probably can’t be patched. A letter has been sent to the owner to replace/repair it. ",16799,11,"2016-09-07 19:46:59","2016-08-04 15:22:46","2016-09-07 19:46:59"
139,"Reported at BC July meeting. graffiti, litter, overgrown vegetation. Need ISD follow up. ",10205,11,"2016-09-07 20:26:29","2016-08-04 15:15:02","2016-09-07 20:26:29"
140,"grafitti reported at BC July 2016 meeting. ISD will follow up. ",2894,11,"2016-09-14 15:37:49","2016-08-04 15:16:25","2016-09-14 15:37:49"
151,"Reported BC June 2016 meeting - people hanging out and defecating. ISD will discuss with owner Reviewed BC July 2016 meeting - Frank has discussed with the owner, building has been cleaned up. Reported again for graffiti at July 2016 meeting. ISD will ask the owner to paint the door.",2138,11,"2016-09-14 17:26:05","2016-08-04 15:28:44","2016-09-14 17:26:05"
146,"Drug related activity. Reported by BC at July 2016 meeting.",16172,11,"2016-09-14 17:53:36","2016-08-04 15:26:03","2016-09-14 17:53:36"
160,"Reported by BC 6/1/2016 - ISD will issue tickets until compliance Reported by BC at July 2016 meeting. Property will be in receivership if they don’t act quickly, have received the letter of the AG. Reviewed at BC September 2016 meeting. ISD ticketed. Issue resolved.",18062,11,,"2016-09-07 19:20:30","2016-09-07 19:20:30"
128,"Broken bricks, broken stairways, trash, reported at BC July 2016 meeting. Need ISD follow up and Law Department as well.",18106,11,"2016-09-14 15:47:25","2016-08-04 15:01:47","2016-09-14 15:47:25"
161,"Reported BC June 2016 meeting - people hanging out and defecating. ISD will discuss with owner Reviewed BC July 2016 meeting - Frank has discussed with the owner, building has been cleaned up. Reported again for graffiti at July 2016 meeting. ISD will ask the owner to paint the door. September 2016 meeting: Beautification issue resolved but reported to Dan Cortez for the drug related issues. CPD will follow up. ",2138,11,,"2016-09-07 19:26:37","2016-09-07 19:26:37"
133,"Reported BC June 2016 meeting - people hanging out and defecating. ISD will discuss with owner Reviewed BC July 2016 meeting - Frank has discussed with the owner, building has been cleaned up. Reported again for graffiti at July 2016 meeting. ISD will ask the owner to paint the door. ",2138,11,"2016-09-07 19:26:41","2016-08-04 15:08:10","2016-09-07 19:26:41"
162,"Possible Car repair reported at June 2016 BC meeting. Issue resolved in July 2016. Update Sept 2016: Opened up again. Frank will go back with Officer Lam. 

Graffiti reported by BC at June 2016 meeting - ISD will review. Reported by BC at July 2016 meeting - Still a small piece of graffiti, has been ticketed, not yet resolved. Reported at Sept 2016 meeting as well: Law Dpt will send out a letter of compliance. ",13261,11,"2016-09-07 19:32:47","2016-09-07 19:32:06","2016-09-07 19:32:47"
163,"- Possible Car repair reported at June 2016 BC meeting. Issue resolved in July 2016. Update Sept 2016: Opened up again. Frank will go back with Officer Lam. 

- Graffiti reported by BC at June 2016 meeting - ISD will review. Reported by BC at July 2016 meeting - Still a small piece of graffiti, has been ticketed, not yet resolved. Reported at Sept 2016 meeting as well: Law Dpt will send out a letter of compliance.",13261,11,"2016-09-07 19:33:09","2016-09-07 19:32:23","2016-09-07 19:33:09"
164,"- Possible Car repair reported at June 2016 BC meeting. Issue resolved in July 2016. Update Sept 2016: Opened up again. Frank will go back with Officer Lam. 


- Graffiti reported by BC at June 2016 meeting - ISD will review. Reported by BC at July 2016 meeting - Still a small piece of graffiti, has been ticketed, not yet resolved. Reported at Sept 2016 meeting as well: Law Dpt will send out a letter of compliance.",13261,11,"2016-09-07 19:33:15","2016-09-07 19:32:42","2016-09-07 19:33:15"
166,"2 issues.                                         1/Possible Car repair reported at June 2016 BC meeting. Issue resolved in July 2016. Update Sept 2016: Opened up again. Frank will go back with Officer Lam.     2/ Graffiti reported by BC at June 2016 meeting - ISD will review. Reported by BC at July 2016 meeting - Still a small piece of graffiti, has been ticketed, not yet resolved. Reported at Sept 2016 meeting as well: Law Dpt will send out a letter of compliance.",13261,11,,"2016-09-07 19:33:51","2016-09-07 19:33:51"
165,"- Possible Car repair reported at June 2016 BC meeting. Issue resolved in July 2016. Update Sept 2016: Opened up again. Frank will go back with Officer Lam.               - Graffiti reported by BC at June 2016 meeting - ISD will review. Reported by BC at July 2016 meeting - Still a small piece of graffiti, has been ticketed, not yet resolved. Reported at Sept 2016 meeting as well: Law Dpt will send out a letter of compliance.",13261,11,"2016-09-07 19:33:55","2016-09-07 19:33:06","2016-09-07 19:33:55"
167,"Reported at BC July 2016 meeting. DOT property, under Rte 1. no barrier - Trash, drugs, people in the back. recently bought, ISD will check it out. Navigator will go. Reviewed at Sept 2016 meeting: nothing change. Need the Police to take action. ",9907,11,,"2016-09-07 19:38:37","2016-09-07 19:38:37"
173,"Litter reported at BC July 2016 meeting. suffolk county prison crew will be asked to clean up. Reviewed at Sept 2016 meeting. Issue resolved. ",15660,11,,"2016-09-07 20:04:37","2016-09-07 20:04:37"
174,"Overgrown vegetation reported at BC July 2016 meeting. ISD started ticketing the owner last week, but she thinks the City is harassing her. Need ISD follow up. Reviewed meeting Sept 2016: resolved, vegetation cut. ",16242,11,,"2016-09-07 20:07:30","2016-09-07 20:07:30"
175,"Overgrown vegetation reported at BC July 2016 meeting 58-60 Bellingham. ISD started ticketing the owner, but she thinks the City is harassing her. Need ISD follow up. Reviewed meeting Sept 2016: resolved, vegetation cut.",9939,11,,"2016-09-07 20:08:45","2016-09-07 20:08:45"
176,"Overgrown vegetation, trash, reported at BC July 2016 meeting. Need ISD follow up. Construction area - CM gave a call to the owners’ representative for it to be cleaned up. Construction almost done in Sept 2016. Resolved. ",2276,11,,"2016-09-07 20:10:46","2016-09-07 20:10:46"
178,"Overgrown vegetation, trash reported at BC July 2016 meeting. Needs ISD follow up. Sept 2016: ISD sent out a ticket. Resolved. 
",7603,11,"2016-09-07 20:11:59","2016-09-07 20:11:55","2016-09-07 20:11:59"
179,"Overgrown vegetation, trash reported at BC July 2016 meeting. Needs ISD follow up. Sept 2016: ISD sent out a ticket. Issue resolved. ",7603,11,,"2016-09-07 20:14:41","2016-09-07 20:14:41"
177,"Overgrown vegetation, trash reported at BC July 2016 meeting. Needs ISD follow up. Sept 2016: ISD sent out a ticket. Resolved. 
",7603,11,"2016-09-07 20:15:03","2016-09-07 20:11:55","2016-09-07 20:15:03"
180,"Reported at the BC meeting in July 2016 and Sept 2016. Will probably be put into receivership – when the matter is settled, who will take care of the backyard? ",35,11,,"2016-09-07 20:16:36","2016-09-07 20:16:36"
182,"Trash - reported by BC 1/15/2016 - reported resolved by ISD at BC meeting in July 2016 (ticketed). New issue reported at July 2016 meeting - Branches on the sidewalk and overhanging public way on Bellingham. Issue resolved. New issue at sept 2016 meeting: again trash and dumpster. ",10064,11,,"2016-09-07 20:46:47","2016-09-07 20:46:47"
169,"Reported by BC at July 2016 meeting - retaining wall. Need ISD follow up. Reviewed by BC in Sept 2016. Need ISD follow up. ",1195,11,"2016-09-14 17:50:20","2016-09-07 19:47:59","2016-09-14 17:50:20"
172,"overgrown vegetation. Reported at BC July 2016 meeting. Need ISD follow up. Reviewed at September 2016 meeting. Issue resolved. ",64,11,"2016-09-14 17:57:28","2016-09-07 20:03:58","2016-09-14 17:57:28"
170,"Reported by BC at July 2016 meeting. Need Police follow up. ",16172,11,"2016-09-14 17:54:34","2016-09-07 19:52:12","2016-09-14 17:54:34"
183,"Reported by TND - owner is going to pave - let's just keep an eye on it and make sure it is done - 6/1/2016. Reviewed at BC meeting in July: ISD is ticketing, owner is no allowed to pave. Mike McAteer will follow up. New issue at Sept 2016 meeting: dumpster. ",7659,11,,"2016-09-07 20:47:55","2016-09-07 20:47:55"
181,"Reported at BC July meeting. graffiti, litter, overgrown vegetation. Need ISD follow up. Reviewed at Sept 2016 meeting: Nothing has been done. Action: should send the Suffolk County prisoners for the outside and Frank will ticket the owner for the inside. ",10205,11,"2016-09-14 18:01:59","2016-09-07 20:26:24","2016-09-14 18:01:59"
171,"Broken bricks, broken stairways, trash, reported at BC July 2016 meeting. Need ISD follow up and Law Department as well. Reviewed in Sept 2016: nothing changed. Follow up with Law Dept? ",18106,11,,"2016-09-07 19:53:22","2016-09-07 19:53:22"
159,"Reported by BC 6/1/2016 - ISD will issue tickets until compliance Reported by BC at July 2016 meeting. Property will be in receivership if they don’t act quickly, have received the letter of the AG. Issue resolved. ",18062,11,"2016-09-07 19:20:33","2016-09-07 19:19:58","2016-09-07 19:20:33"
184,"Reported at BC meeting in June 2016 - trash and overgrown vegetation - Owner is ill. Reviewed at BC meeting in July 2016: grass cut but growing again. Frank is talking with them and son will cut the grass. Reviewed at BC meeting in Sept 2016: Frank will ask ROCA to clean up the area.",7833,11,,"2016-09-07 20:48:37","2016-09-07 20:48:37"
185,"Reported at BC meeting in Sept 2016: Dumpster in front of Day Care. Owner has been ticketed by ISD but just sold the building. ISD keep ticketing until it is cleaned up. ",186,11,,"2016-09-07 20:49:59","2016-09-07 20:49:59"
186,"Graffiti reported at BC meeting in Sept 2016. Law Dept sent out a letter with 15 days notice. ISD is ticketing for the trash. ",5096,11,,"2016-09-07 20:50:57","2016-09-07 20:50:57"
187,"Reported at BC meeting sept 2016: Overgrown vegetation, hotel in construction. ISD is monitoring. City Manager will ask Ned Keefe if we can cut 20 feet away from sidewalk. ",9888,11,,"2016-09-07 20:52:26","2016-09-07 20:52:26"
189,"Reported at BC meeting Sept 2016: Dumpster not big enough or not emptied frequently enough. Rats. Update: ISD will check in regularly. Day after BC, was spotless. Need to see with DPW when trash is picked up. 
",7197,11,,"2016-09-07 20:54:35","2016-09-07 20:54:35"
188,"Reported at BC meeting Sept 2016: Dumpster not big enough or not emptied frequently enough. Rats",7197,11,"2016-09-07 20:54:37","2016-09-07 20:53:32","2016-09-07 20:54:37"
190,"Trash - reported by BC 1/15/2016 - reported resolved by ISD at BC meeting in July 2016 (ticketed). New issue reported at July 2016 meeting - Branches on the sidewalk and overhanging public way on Bellingham. Issue resolved. New issue at sept 2016 meeting: again trash and dumpster. add whatever",10064,11,"2016-09-08 16:16:36","2016-09-08 16:16:32","2016-09-08 16:16:36"
48,"See Click Fix - Reported by anonymous on 06/27/2016 - Trash left outside of dumpster all weekend.  And now on Monday dumpster not emptied and more trash thrown on top. Rats. Reported true by ISD  on 06/27/2016",3294,11,,"2016-07-21 02:56:00","2016-07-21 02:56:00"
58,"Reviewed at Targeted Code meeting July 2016: Inspection done, owner will have to pay the tickets or appeal. ",184,11,"2016-08-03 14:17:48","2016-08-03 14:17:29","2016-08-03 14:17:48"
192,"Notification sent by CPD to Mc Neil Real estate Group Inc. 75 McNeil Way Dedham MA 02026 on August 24th 2015. Illegal keeping, sale or manufacture of controlled substances (cocaine) in June and July 2015. Search warrant on July 29th 2015, arrest of 2 tenants.",16333,11,,"2016-09-12 16:18:35","2016-09-12 16:18:35"
191,"Notification sent by CPD to Mc Neil Real estate Group Inc. 75 McNeil Way Dedham MA 02026. Illegal keeping, sale or manufacture of controlled substances (cocaine) in June and July 2015. Search warrant on July 29th 2015, arrest of 2 tenants. 
",16333,11,"2016-09-12 16:18:39","2016-09-12 16:18:04","2016-09-12 16:18:39"
193,"Notification sent by CPD to Daniel G McAuley Jr, Attorney at Law, 400 Trade Center Suite 5900 Woburn MA 01801 on August 26th 2015. Illegal keeping, sale or manufacture of controlled substances (crack cocaine) in August 2015. Arrest of a person entering the premises several times and seizure of controlled substances. High rate of calls for service over the past 2 years. ",16332,11,,"2016-09-12 16:21:55","2016-09-12 16:21:55"
196,"Notification sent by CPD to Greenlight Property management 129 Pearl Street Somerville, MA 02145 on November 16th 2015. Illegal keeping, sale or manufacture of controlled substances (cocaine) June through October 2015. Search warrant on October 30th 2015, seizure of controlled substances and arrest of 1 tenant.",17550,11,,"2016-09-12 16:29:43","2016-09-12 16:29:43"
195,"Notification sent by CPD to Greenlight Property management 129 Pearl Street Somerville, MA 02145. Illegal keeping, sale or manufacture of controlled substances (cocaine) June through October 2015. Search warrant on October 30th 2015, seizure of controlled substances and arrest of 1 tenant.",17550,11,"2016-09-12 16:29:45","2016-09-12 16:28:00","2016-09-12 16:29:45"
197,"Notification sent by CPD to TND and Winn Companies c/o Celines Sanjurjo  4 Gerrish Ave Chelsea MA 02150 on March 17th 2016. Illegal keeping, sale or manufacture of controlled substances in February and March 2016. Search warrant on March 16th 2016, seizure of controlled substances and illegal firearms and arrest of 2 tenants.",16779,11,,"2016-09-12 16:33:34","2016-09-12 16:33:34"
198,"Notification sent by CPD to Ralph Currie Boston Housing AUthority Leased Housing Division 52 Chauncy Street 4th-5th floor Boston MA 02111 on January 24th 2014. Illegal keeping, sale or manufacture of controlled substances December 2013 and January 2014. Seizure of controlled substances (Heroin) on January 20th and arrest of 1 tenant and 1 person using a key of the apartment.",17551,11,,"2016-09-12 16:37:21","2016-09-12 16:37:21"
199,"Notification sent by CPD to H&R Design and Development 75 Williams Street, Chelsea MA 02150 on March 17th 2016. Illegal keeping, sale or manufacture of controlled substances March 2016. Search warrant on March 11th 2016, seizure of controlled substances and illegal firearms and arrest of 3 tenants.",17552,11,,"2016-09-12 16:40:33","2016-09-12 16:40:33"
200,"Notification sent by CPD to James d'Amico 473 Broadway Chelsea MA 02150 on March 17th 2016. Illegal keeping, sale or manufacture of controlled substances (cocaine) January and February 2016. Search warrant on February 26th 2016, seizure of controlled substances and arrest of 1 tenant.",17553,11,,"2016-09-12 16:42:45","2016-09-12 16:42:45"
203,"PP meeting Sept 2016. Vacant Problem Property - Sent to Attorney General office. Need ISD follow up on inspection. ",836,11,,"2016-09-14 15:54:31","2016-09-14 15:54:31"
205,"PP meeting Sept 2016: Vacant property with D Ambrosio. City will own the property end of September and will put it to auction. Need zoning board decision. ",2717,11,,"2016-09-14 16:04:12","2016-09-14 16:04:12"
207,"PP meeting September 2016: matter almost settled by D Ambrosio. will take 4 to 6 months. ",35,11,,"2016-09-14 16:14:06","2016-09-14 16:14:06"
208,"PP meeting Sept 2016: foreclosure notice was issues. ",840,11,,"2016-09-14 16:14:51","2016-09-14 16:14:51"
210,"PP Sept meeting: zoning issue and broken fence. Frank will check the fence. ",2970,11,,"2016-09-14 16:19:16","2016-09-14 16:19:16"
211,"PP meeting Sept 2016: Dumpster on property. ",3081,11,,"2016-09-14 16:20:21","2016-09-14 16:20:21"
212,"PP meeting Sept 2016: Bank owner - water leak - Vacant but Clean. Law Dept will see if it shouldn't be put into receivership. ",7480,11,,"2016-09-14 16:23:36","2016-09-14 16:23:36"
201,"Discussed at PP meeting Sept 2016. No smoke detector and Tenant/Landloard issue. probably renting rooms illegally and overcrowding. Law will call AG and seek administrative warrant. ",18106,11,,"2016-09-14 15:48:41","2016-09-14 15:48:41"
206,"ISD is ticketing for CoH violation. ",18457,11,,"2016-09-14 16:10:44","2016-09-14 16:10:44"
194,"Notification sent by CPD to Structured Assets LLC PO Box 403 Allston, MA 02134 on November 17th 2015. Illegal keeping, sale or manufacture of controlled substances in November 2015. Search warrant on November 13th 2015, seizure of controlled substances and arrest of 1 tenant. ",18060,11,,"2016-09-12 16:25:45","2016-09-12 16:25:45"
209,"D Ambrosio property. Need urgent ISD follow up inspection for new permit. ",15990,11,"2016-12-06 15:14:42","2016-09-14 16:16:57","2016-12-06 15:14:42"
214,"Reported by BC at June 2016 meeting. Reviewed in July, but not resolved. ISD is ticketing. Issue resolved at Sept 2016 meeting. ",11610,11,,"2016-09-14 17:25:20","2016-09-14 17:25:20"
215,"Demolished and secured August 2016. ",15260,11,,"2016-09-14 17:45:45","2016-09-14 17:45:45"
216,"Reported at BC June 2016 meeting. Trash. Is it city owned? Need to clean up the area. No update in Sept 2013. ",17548,11,,"2016-09-14 17:46:48","2016-09-14 17:46:48"
168,"Reported at BC July 2016 meeting. The ISD inspectors didn’t consider it dangerous but it is in a state of disrepair that probably can’t be patched. A letter has been sent to the owner to replace/repair it. Reviewed in BC Sept 2016, nothing new. ",16799,11,,"2016-09-07 19:46:54","2016-09-07 19:46:54"
217,"Reported BC June 2016 - Retaining Wall. September 2016 - ISD working on it. Structural Plan was inadequate, so owner was hesitating between 2 different type of retaining walls. Trying to get a CDBG loan. ",1195,11,,"2016-09-14 17:52:32","2016-09-14 17:52:32"
218,"BC September 2016: Nothing improved. CPD needs to follow up. ",16172,11,,"2016-09-14 17:54:28","2016-09-14 17:54:28"
219,"Reviewed at September 2016 meeting. Issue resolved.",64,11,,"2016-09-14 17:57:22","2016-09-14 17:57:22"
220,"Reviewed at Sept 2016 meeting: Nothing has been done. Action: should send the Suffolk County prisoners for the outside and Frank will ticket the owner for the inside.",10205,11,,"2016-09-14 18:01:57","2016-09-14 18:01:57"
221,"Warning tickets have been sent out, issue resolved, graffiti removed from the door. ",2894,11,,"2016-09-14 18:03:11","2016-09-14 18:03:11"
92,"Reported by TND - owner is going to pave - let's just keep an eye on it and make sure it is done - 6/1/2016. Reviewed at BC meeting in July: ISD is ticketing, owner is no allowed to pave. Mike McAteer will follow up. ",7659,11,"2016-09-07 20:47:58","2016-08-04 13:56:42","2016-09-07 20:47:58"
222,"Sept 2016: See Click Fix Report about gang activity.  Police  will run an address check and assign this to our gang unit to conduct a follow up.",6592,11,,"2016-09-26 18:27:17","2016-09-26 18:27:17"
202,"Property with Attorney General. Sold but not closed yet. Overgrown vegetation cut. Off the list. ",10669,11,,"2016-09-14 15:53:13","2016-09-14 15:53:13"
250,"Reviewed at Targeted Code Enforcement meeting Oct 2016; 1 unit needs lead certificate, referred to Chelsea restoration, Need follow up from Planning and Development. ",3967,11,,"2016-10-12 18:23:24","2016-10-12 18:23:24"
252,"One unit is waiting fro documents to verify unit is owner occupied, one unit said they would call for inspectionm but no record of rescheduling, one has a CoH, 19 trash 40U tickets violation",5286,11,"2016-10-26 21:24:29","2016-10-12 18:26:45","2016-10-26 21:24:29"
224,"Foreclosure 4/11/2016. Vacant",1332,11,,"2016-10-05 18:55:00","2016-10-05 18:55:00"
225,"In court (Maggie Schmitt)",2970,11,,"2016-10-05 19:10:27","2016-10-05 19:10:27"
226,"Reviewed at BC Oct meeting: Keep ticketing until they clean that property.  Looks terrible.",10205,11,,"2016-10-12 16:44:24","2016-10-12 16:44:24"
227,"trash reported at BC July 2016 meeting. fixed but needs to be monitored by ISD.
trash reported at BC Oct 2016 meeting. ISD : ticketing. ",15297,11,,"2016-10-12 16:47:30","2016-10-12 16:47:30"
228,"Reported at BC meeting Oct 2016: trash and wood on property.",13092,11,,"2016-10-12 16:48:43","2016-10-12 16:48:43"
229,"Reported at BC Oct 2016: doorway entrance looks horrible with bird poop ",17785,11,,"2016-10-12 16:51:23","2016-10-12 16:51:23"
232,"Reviewed at Targeted Code Enforcement meeting Sept 2016: Lead certificate needed 1/15/15 - Need ISD follow up
",9237,11,,"2016-10-12 17:37:27","2016-10-12 17:37:27"
231,"Lead certificate needed 1/15/15 - Need ISD follow up",9237,11,"2016-10-12 17:37:29","2016-10-12 17:36:59","2016-10-12 17:37:29"
233,"Targeted Code Enforcement meeting Sept 2016: one unit vacant - Need ISD follow up. ",4767,11,,"2016-10-12 17:39:31","2016-10-12 17:39:31"
234,"Reviewed at Targeted Code Enforcement meeting September 2016: New owner, property vacant, in process of rehab, bldg permit issued. ",5225,11,,"2016-10-12 17:44:13","2016-10-12 17:44:13"
237,"Reported Targeted Code Enforcement meeting Sept 2016: 2 vacant units as of 10/219/14, still vacant, letter was sent by ISD and owner responded. ",1282,11,,"2016-10-12 17:58:19","2016-10-12 17:58:19"
238,"One unit no CoH, owner died, see foreclosure deed> Maggie will give new owner's contact to Blanca to contact them. ",1348,11,,"2016-10-12 17:59:17","2016-10-12 17:59:17"
239,"Vacant/foreclosed property",1348,11,,"2016-10-12 17:59:34","2016-10-12 17:59:34"
240,"Reviewed at Targeted Code Enforcement meeting Sept 2016: Owner passed away, daughter lives in property, no inspection scheduled. 40U tickets being issued. ",2112,11,,"2016-10-12 18:02:27","2016-10-12 18:02:27"
241,"Reviewed at Targeted Code Enforcement meeting Sept 2016: Vacant in process of selling in June 2015. Property sold. sent letter to new owner. ",5195,11,,"2016-10-12 18:03:28","2016-10-12 18:03:28"
242,"Reviewed at Targeted Code Enforcement meeting Sept 2016: letter sent 5/11/15, no response, 40 U tickets being issued. ",688,11,,"2016-10-12 18:07:02","2016-10-12 18:07:02"
243,"Reviewed at Targeted Code Enforcement meeting Sept 2016: Frank will check with courts, he said water pipe froze, water shut off. ",836,11,,"2016-10-12 18:08:50","2016-10-12 18:08:50"
244,"Reviewed at Targeted Code Enforcement meeting Sept 2016:  unit 3 needs lead certificate as of 10/20/15, violation in unit 1. Owner has to be referred to Chelsea Restoration. ",706,11,,"2016-10-12 18:10:41","2016-10-12 18:10:41"
245,"Reviewed at Targeted Code Enforcement meeting Sept 2016: Nancy spoke to the property manager who says there is a process of foreclosure, needs to register with ISD",1228,11,,"2016-10-12 18:11:35","2016-10-12 18:11:35"
246,"Reviewed at Targeted Code Enforcement meeting Sept 2016: Renovating building permit on file. ",624,11,,"2016-10-12 18:13:33","2016-10-12 18:13:33"
247,"Reviewed at Targeted Code Enforcement meeting Sept 2016: Basement Unit Vacant since 3/23/15. ISD sent vacancy letter to owner, owner responded, unit still vacant, ",1621,11,,"2016-10-12 18:14:40","2016-10-12 18:14:40"
248,"Reviewed at Targeted Code Enforcement meeting Sept 2016:  inspection cancelled, no sign of reschedule, 40 U fines issued, registered as Vacant/foreclosed property, but property occupied, Nancy spoke to the Bank, will contact ISD to reschedule the inspection. ",1423,11,,"2016-10-12 18:19:17","2016-10-12 18:19:17"
249,"Reviewed at Targeted Code Enforcement meeting Oct 2016: Illegal basement apartment / building permit issued, waiting sign off",3073,11,,"2016-10-12 18:20:38","2016-10-12 18:20:38"
251,"Reviewed at Targeted Code Enforcement meeting Oct 2016; owner cancelled inspection, wants to clean up before. Nancy will contact owner to schedule inspection, 40U tickets are issued. ",5108,11,,"2016-10-12 18:25:00","2016-10-12 18:25:00"
253,"Reviewed at Targeted Code Enforcement meeting Oct 2016: Owner says in March there will be 2 vacant units, will schedule inspection when new tenants. ",1647,11,,"2016-10-12 18:27:54","2016-10-12 18:27:54"
230,"NSC sent letter Nov 2015, again in June 2016, no response yet. ",12291,11,,"2016-10-12 17:35:07","2016-10-12 17:35:07"
223,"Sept 14th PP meetig: Receivership",15260,11,"2016-10-03 14:50:17","2016-10-03 14:48:28","2016-10-03 14:50:17"
236,"One Unit vacant. Need monitoring for next CoH inspection. ",17942,11,,"2016-10-12 17:46:13","2016-10-12 17:46:13"
235,"New update: Tenants are moving out in November 2016",18106,11,,"2016-10-12 17:45:12","2016-10-12 17:45:12"
254,"Reviewed at Targeted Code Enforcement meeting Oct 2016; new owner since July 2016 (Elmer Garza)",3946,11,,"2016-10-12 18:30:38","2016-10-12 18:30:38"
255,"Reviewed at Targeted Code Enforcement meeting Oct 2016: 2 units, no response, 17 tickets 40 U issued, now getting $300 fines. ",4135,11,,"2016-10-12 18:32:26","2016-10-12 18:32:26"
256,"Reviewed at Targeted Code Enforcement meeting Oct 2016: 2 of  units have violations, Unit  owner occupied, Unit 2: issue corrected, Unit 3: pending lead certificate. ",4623,11,,"2016-10-12 18:34:42","2016-10-12 18:34:42"
257,"Reviewed at Targeted Code Enforcement meeting Oct 2016: one unit is owner occupied, 1 unit needs lead certificate --> Working with Chelsea Restoration",584,11,,"2016-10-12 18:36:16","2016-10-12 18:36:16"
258,"Reviewed at Targeted Code Enforcement meeting Oct 2016: Foreclosure deed on file at Registry. Vacant, new owner, building permit application submitted to rehab 3 family",7,11,,"2016-10-12 18:51:46","2016-10-12 18:51:46"
260,"Reviewed at Targeted Code Enforcement meeting Oct 2016: Coh completed. Resolved.",184,11,,"2016-10-12 18:54:06","2016-10-12 18:54:06"
259,"Coh completed. Resolved. ",184,11,"2016-10-12 18:54:09","2016-10-12 18:53:48","2016-10-12 18:54:09"
261,"Update Oct 2016: Owners don't want to work with Chelsea restoration; Will be put on the list for lead determination. ",3967,11,,"2016-10-12 19:01:34","2016-10-12 19:01:34"
262,"Oct 2016 Targeted Code Enforcement Meeting: Property manager contacted by ISD. ",36,11,,"2016-10-12 19:05:44","2016-10-12 19:05:44"
263,"TCE meeting Oct 2016: Unit 3: on hold because of lead violation. Lead determination by ISD. ",762,11,,"2016-10-12 19:07:16","2016-10-12 19:07:16"
264,"TCE meeting Oct 2016: one unit on hold lead, owner is renovating; ",874,11,,"2016-10-12 19:09:00","2016-10-12 19:09:00"
265,"Owner may need lead inspection. Need ISD follow up. ",874,11,,"2016-10-12 19:09:23","2016-10-12 19:09:23"
266,"TCE meeting Oct 2016: Unit 2 was vacant. need ISD follow up. ",1473,11,,"2016-10-12 19:10:39","2016-10-12 19:10:39"
267,"Unit 2 vacant as of 10/26/15",1473,11,,"2016-10-12 19:10:58","2016-10-12 19:10:58"
268,"TCE Oct 2016: Property has been sold. Second floor occupied. ",27,11,,"2016-10-12 19:11:57","2016-10-12 19:11:57"
269,"TCE meeting Oct 2016: Owner (bank) will do repair second floor. ",12340,11,,"2016-10-12 19:12:57","2016-10-12 19:12:57"
270,"TCE Oct 2016: ISD sent a letter",9237,11,,"2016-10-12 19:14:34","2016-10-12 19:14:34"
271,"TCE meeting oct 2016: ISD sends an administrative warrant ",688,11,,"2016-10-12 19:16:27","2016-10-12 19:16:27"
272,"TCE meeting oct 2016: ISD will do lead determination. ",706,11,,"2016-10-12 19:17:12","2016-10-12 19:17:12"
273,"Reviewed TCE meeting Oct 2016: keep ticketing ",7497,11,,"2016-10-12 19:19:40","2016-10-12 19:19:40"
276,"TCE meeting oct 2016: On hold for CoH, referred to Chelsea restoration, but owner refused. Pending lead determination letter. ",1575,11,,"2016-10-12 19:24:24","2016-10-12 19:24:24"
275,"TCE meeting oct 2016: On hold for CoH, referred to Chelsea restoration, but owner refused. ",1575,11,"2016-10-12 19:24:28","2016-10-12 19:23:53","2016-10-12 19:24:28"
278,"TCE meeting oct 2016: CoH on hold because lead. ISD will send a lead determination letter. ",1575,11,,"2016-10-12 19:25:24","2016-10-12 19:25:24"
277,"CoH on hold because lead. ",1575,11,"2016-10-12 19:25:27","2016-10-12 19:24:51","2016-10-12 19:25:27"
279," doing construction and leaving their materials - City will auction off in Fall

Update Oct 17th 2016; Bob Boulrice, Treasurer, says the property will be auctioned off in December. ",17174,11,,"2016-10-17 20:01:31","2016-10-17 20:01:31"
280,"Update oct 2016: Was cleaned thoroughly by Suffolk Prisoners.  ",9907,11,,"2016-10-17 20:48:10","2016-10-17 20:48:10"
282,"PP meeting oct 2016: Work is done, ISD needs to check (Hector). The Bank is getting ticketed 300 tickets. Receivership not filled yet (in the AG office). Law Dpt will talk to AG. ",836,11,,"2016-10-19 12:39:43","2016-10-19 12:39:43"
284,"PP meeting Oct 2016: ISD ticketing. ",35,11,,"2016-10-19 12:41:58","2016-10-19 12:41:58"
285,"PP meeting Oct 2016: ISD said you should stop paying the rent if the owner doesn't maintain the building. ISD ticketing the former owner in Florida. Foreclosed. No problem with the tenants. Rats and bated. ",840,11,,"2016-10-19 12:43:28","2016-10-19 12:43:28"
286,"Maybe a notice will be sent by Law Department. The owner doesn't respond to anything. The tenant are sending a check that the owner receive every month. Let's keep trying to be in touch. ",840,11,,"2016-10-19 12:44:52","2016-10-19 12:44:52"
289,"PP meeting Oct 2016: D Ambrosio and ticketed by ISD. Good chance they will be put onto receivership. Not abandoned. OD in the building last summer. problems are inside. Since the owner is responsive, receivership is not yet a given. They have permits, half way through but almost there. Keep changing the contractor. ",7480,11,,"2016-10-19 12:49:47","2016-10-19 12:49:47"
288,"Not abandoned. OD in the building last summer. problems are inside. Since the owner is responsive, receivership is not yet a given. ",7480,11,"2016-10-19 12:49:50","2016-10-19 12:48:42","2016-10-19 12:49:50"
287,"PP meeting Oct 2016: D Ambrosio and ticketed by ISD. Good chance they will be put onto receivership. ",7480,11,"2016-10-19 12:49:54","2016-10-19 12:47:17","2016-10-19 12:49:54"
290,"Update PP meeting Oct 2016: Owner supposed to put a barrier underneath. Owner is fined by ISD. ",2970,11,,"2016-10-19 12:52:31","2016-10-19 12:52:31"
291,"PP meeting Oct 2016: Owner tries to get a zoning change. ISD will check if there is a dumpster permit. But it looks ok. ",3081,11,,"2016-10-19 12:56:24","2016-10-19 12:56:24"
25,"Reported by BC 6/1/2016 - ISD will issue tickets until compliance",18062,11,"2016-08-04 14:00:34","2016-07-20 18:02:53","2016-08-04 14:00:34"
213,"PP meeting September 2016: Building permit received. Will start construction. Need ISD follow up. Some overgrown vegetation. ",18062,11,,"2016-09-14 16:25:31","2016-09-14 16:25:31"
281,"PP meeting October 2016: 
ISD Ticketing because yard with overgrown vegetation. 
AG office: will pull permit to remove the stairs, take of the roof, etc. But not done yet. 
We'll put more pressure on the owner. ",18062,11,,"2016-10-19 12:37:22","2016-10-19 12:37:22"
293,"Update Oct 2016: Have been ticketing for 3 years. Owner on Library board. ",2112,11,,"2016-10-19 13:37:03","2016-10-19 13:37:03"
294,"The problem is happening behind the property. ",2158,11,,"2016-10-19 13:39:34","2016-10-19 13:39:34"
295,"Oct 2016: ISD saw Officer Hamond
Father and daughter live in the property. Need to bring a proof of residence and affidavit. ",4135,11,,"2016-10-19 13:42:39","2016-10-19 13:42:39"
296,"Oct 2016 update: vacant business. Issue resolved. ",5096,11,,"2016-10-19 13:44:12","2016-10-19 13:44:12"
297,"Oct 2016: is it still vacant? Single family? ISD needs to go by to make sure it is occupied. If it is owner occupied we need to know for CoH Program. ",5195,11,,"2016-10-19 13:45:47","2016-10-19 13:45:47"
299,"Just need monitoring. ",7659,11,,"2016-10-19 13:47:46","2016-10-19 13:47:46"
300,"Update: Son put a lock on the gate, ROCA couldn't go. But lock has been removed. ISD needs to call ROCA back. ",7833,11,,"2016-10-19 13:48:49","2016-10-19 13:48:49"
301,"Oct 2016: resolved",10064,11,,"2016-10-19 13:50:34","2016-10-19 13:50:34"
302,"Oct 2016: overgrown vegetation is ticketed. Graffiti on the side was resolved. ",10205,11,,"2016-10-19 13:51:23","2016-10-19 13:51:23"
292,"Oct 2016: Off the PP list. ",18457,11,,"2016-10-19 13:04:57","2016-10-19 13:04:57"
298,"Update 2016: Foreclosure but all occupied. ",7497,11,"2016-10-26 20:46:28","2016-10-19 13:47:20","2016-10-26 20:46:28"
274,"TCE meeting Oct 2016: Might be an illegal apartment there. ISD will ask for court order.",15846,11,"2016-10-26 21:05:24","2016-10-12 19:22:09","2016-10-26 21:05:24"
303,"Supposed to be owner occupied, but he's not there. ISD was not able to do inspection. Breach of contract. Loan company will go after them. Will foreclose. Will last for a while. ",12291,11,,"2016-10-19 13:53:07","2016-10-19 13:53:07"
304,"Resolved. ",13092,11,,"2016-10-19 13:53:58","2016-10-19 13:53:58"
305,"Oct 2016: Car repair is still ongoing (illegal business). Graffiti is resolved. Police should act. Ticketed by ISD. ",13261,11,,"2016-10-19 13:55:08","2016-10-19 13:55:08"
306,"Oct 2016: Resolved right now, but needs monitoring. ",15297,11,,"2016-10-19 13:56:15","2016-10-19 13:56:15"
307,"Update Oct 2016: Doorway: paper in the window, graffiti, still urinating. ",15906,11,,"2016-10-19 13:57:03","2016-10-19 13:57:03"
308,"Oct 2016: Frank is monitoring every day. State shut down the Day Care. ",186,11,,"2016-10-19 13:58:34","2016-10-19 13:58:34"
309,"Is it still vacant?",10748,11,,"2016-10-24 19:46:38","2016-10-24 19:46:38"
310,"Special permit to renovate the building. August 2nd: resolved. ",16914,11,,"2016-10-24 19:52:28","2016-10-24 19:52:28"
311,"Graffiti and trash reported at BC meeting Oct 2016. Need ISD follow up. ",17785,11,,"2016-10-24 19:53:29","2016-10-24 19:53:29"
312,"BC: Throwing trash from third floor and Rats. ",5876,11,,"2016-10-24 20:00:56","2016-10-24 20:00:56"
313,"The multi at 54 Cary has fairly new owners and they are clearing up many of the interior problems. I had a housing inspection in which I signed off two weeks ago. Scott Bridges(ISD) also had some issues that were corrected. Only issue at the moment with them is the exterior yard for which ISD is issuing tickets. Frank H spoke to the manager and told him to work on keeping the yard clean.
",5876,11,,"2016-10-26 13:26:35","2016-10-26 13:26:35"
314,"Frank Henry's update Oct 25th 2016: The land at 1016 Broadway is slated to be built on shortly. Tom A. said there are a few environmental issues that the owners are dealing with. When I last
spoke to Ned the owners said they would clear the overgrown vegetation 15 feet in from the sidewalk to satisfy the city.",9888,11,,"2016-10-26 13:28:10","2016-10-26 13:28:10"
315,"Update from Chelsea Restoration 25th Oct 2016: The owner William Marin (Blanca Rivas husband) opted for taking the moderate risk training to perform the work (lead abatement) himself to save money.  He was also unemployed and had the time to work on the project.  He has been trained and received his certification and started doing the work on his property on his own, but needs more time to complete the job.  Mr. William Marin is not a CDBG participant as during our conversations he had informed me that his main goal was to start up a lead paint removal company, and working on his own house can be beneficial to him. He said that he should be finished in 3 weeks.  He was asked to update ISD. 
",762,11,,"2016-10-26 14:10:57","2016-10-26 14:10:57"
316,"Ned Keefe's update Oct 25th 2016: I  will email the owner today to see aobut the 15 feet clear…environmental work is slated to begin in November…it is a few weeks delayed…and then the foundation permit in December.. So there will be a lot of work at the site",9888,11,,"2016-10-26 15:54:17","2016-10-26 15:54:17"
317,"Auctioned off in the Fall 2016. Sold property. New owner. ",5064,11,,"2016-10-26 20:10:10","2016-10-26 20:10:10"
318,"TCE Oct 26th 2016: letter has been sent to new owner for CoH. No response yet. ",27,11,,"2016-10-26 20:13:34","2016-10-26 20:13:34"
319,"TCE meeting 26th Oct 2016 : Frank Henry did the inspection and talked to owner (Bank). Need for follow up. ",12340,11,,"2016-10-26 20:15:38","2016-10-26 20:15:38"
320,"TCE meeting Oct 26th 2016: Adm search warrant will be issued. ",12291,11,,"2016-10-26 20:17:06","2016-10-26 20:17:06"
321,"TCE Oct 26th 2016: Owner want to do de-lead himself. Will be in touch with ISD for next inspection. ",9237,11,,"2016-10-26 20:18:33","2016-10-26 20:18:33"
322,"TCE meeting Oct 2016: Vacancy letter was sent to owner. Responded and inspection scheduled for Nov 2nd. ",1536,11,,"2016-10-26 20:20:25","2016-10-26 20:20:25"
323,"Update TCE meeting Oct 26th 2016: Adm search warrant if owner doesn't let ISD in. ",2112,11,,"2016-10-26 20:34:10","2016-10-26 20:34:10"
324,"TCE meeting Oct 26th 2016: will send an administrative warrant. 
",688,11,,"2016-10-26 20:35:22","2016-10-26 20:35:22"
325,"Reviewed TCE meeting 26th Oct 2016: Foreclosure auction in November is scheduled. Will issue adm search warrant. This property isn't vacant. ",1228,11,,"2016-10-26 20:38:04","2016-10-26 20:38:04"
326,"Update TCE meeting Oct 26th 2016: was in court 14th of October. What happened? Need to see if the tenants are still there. Frank will have a look. ",1423,11,,"2016-10-26 20:45:27","2016-10-26 20:45:27"
327,"Update Oct 12th 2016: Foreclosure but all occupied.
",7497,11,,"2016-10-26 20:46:24","2016-10-26 20:46:24"
328,"Update TCE meeting oct 26th 2016: Tenants in it even if foreclosure. ISD keeps ticketing. Owner in CA. No CoH issued. ",7497,11,,"2016-10-26 20:47:10","2016-10-26 20:47:10"
330,"TCE meeting Oct 26th 2016: ISD asked proof of owner occupancy. Ticketing. Letter has been sent to owner. ",15631,11,,"2016-10-26 21:02:53","2016-10-26 21:02:53"
331,"TCE meeting 26th Oct 2016: Inspection completed, needs a lead certificate. Illegal basement was found, owner must apply for building permit. ",15846,11,,"2016-10-26 21:04:34","2016-10-26 21:04:34"
332,"TCE meeting Oct 12th 2016: Might be an illegal apartment there. ISD will ask for court order.
",15846,11,,"2016-10-26 21:05:19","2016-10-26 21:05:19"
341,"Update Oct 26th 2016 at TCE meeting: Owner is currently de-leading. ",4623,11,,"2016-10-26 21:25:26","2016-10-26 21:25:26"
333,"TCE meeting Oct 26th: Lead outside of the building, ISD needs to go there. ",4426,11,,"2016-10-26 21:06:55","2016-10-26 21:06:55"
334,"Update TCE meeting Oct 26th 2016: De-leading completed, waiting for lead certificate (needs to replace the windows to get it)",15278,11,,"2016-10-26 21:15:45","2016-10-26 21:15:45"
335,"Reviewed TCE meeting Oct 26th 2016: Unit 1 and 2 COH expired. Letter sent, no response. ",18035,11,,"2016-10-26 21:18:30","2016-10-26 21:18:30"
336,"TCE meeting Oct 26th 2016: need to be notified. ",1575,11,,"2016-10-26 21:19:27","2016-10-26 21:19:27"
337,"TCE meeting Oct 26th 2016: 2 units have lead violations. Next inspection will be in Nov 11th. ",1608,11,,"2016-10-26 21:20:29","2016-10-26 21:20:29"
338,"TCE meeting Oct 26th 2016: 2 units of the 3 have CoH about to expire. Letter has been sent but no response. ",1613,11,,"2016-10-26 21:21:45","2016-10-26 21:21:45"
339,"Update Oct 26th 2016: owner needs to be notified. ",3967,11,,"2016-10-26 21:22:39","2016-10-26 21:22:39"
342,"Update Oct 26th 2016: Nothing new. ",584,11,,"2016-10-26 21:26:07","2016-10-26 21:26:07"
343,"TCE meeting Oct 26th 2016: update, Some certificates are on hold until structural issue is resolved. ",36,11,,"2016-10-26 21:33:42","2016-10-26 21:33:42"
344,"TCE meeting Oct 26th 2016: 4 of the 8 units have expired CoH, letter sent out. Waiting for response. ",17272,11,,"2016-10-26 21:34:54","2016-10-26 21:34:54"
345,"Update Oct 26th 2016 TCE meeting: Unit 3 on hold - lead violation, tenants are moving. ",762,11,,"2016-10-26 21:36:07","2016-10-26 21:36:07"
346,"Update TCE meeting oct 26th 2016: 2 family, 1 unit is owner occupied. CoH on hold. Lead. Owner asked for extension. ",874,11,,"2016-10-26 21:37:33","2016-10-26 21:37:33"
329,"Issue TCE meeting 12th Oct 2016: owner has been ticketed by ISD because all units didn't have CoH. Issue resolved. ",18545,11,,"2016-10-26 20:49:15","2016-10-26 20:49:15"
347,"TCE meeting Oct 26th 2016: No response to the CoH letter. Adm warrant will be issued. ",1238,11,,"2016-10-26 21:38:40","2016-10-26 21:38:40"
349,"Update Nov 9th 2016: violations not corrected. Need to contact the owner. ",12340,11,,"2016-11-14 20:15:24","2016-11-14 20:15:24"
350,"Update TCE meeting Nov9th 2016: Property not vacant, all units occupied, 1 unit occupied by owner. Owner will contact Jenny to schedule inspection.",27,11,,"2016-11-14 20:15:45","2016-11-14 20:15:45"
348,"Update TCE meeting Oct 9th 2016: Property not vacant, all units occupied, 1 unit occupied by owner. Owner will contact Jenny to schedule inspection. ",27,11,"2016-11-14 20:15:47","2016-11-14 20:14:26","2016-11-14 20:15:47"
351,"Update TCE Nov 9th: ISD gained access and inspected all units. ",12291,11,,"2016-11-14 20:16:32","2016-11-14 20:16:32"
352,"See click fix issue fixed by ISD July 2016",8439,11,,"2016-11-14 20:45:29","2016-11-14 20:45:29"
353,"TCE Nov 9th update: owner is taking classes for lead removal. Not done yet. ",9237,11,,"2016-11-14 20:47:39","2016-11-14 20:47:39"
204,"Law Department update Sept 14th 2016: attorney of Bank owner reported on the way to settlement, the tenants will vacate the property and the repairs can be done. The Bank would then plan on making all repairs and selling the property. Need ISD and Fire to inspect the property. ",18106,11,,"2016-09-14 16:00:39","2016-09-14 16:00:39"
283,"PP meeting update Oct 2016: Tenants out on Nov 1st and then Bank will bring property up to code. ",18106,11,,"2016-10-19 12:41:09","2016-10-19 12:41:09"
354,"Update TCE meeting Nov 9th: tenants out, front door wide open. ",18106,11,,"2016-11-14 20:49:02","2016-11-14 20:49:02"
355,"Update TCE meeting Nov 9th: units 1 and 2 vacants, 3rd floor violations, another inspection scheduled for 11/30th",1536,11,,"2016-11-14 20:53:56","2016-11-14 20:53:56"
356,"Update TCE meeting Nov 9th: will issue adm warrant",2112,11,,"2016-11-14 20:54:55","2016-11-14 20:54:55"
357,"TCE meeting Nov 9th 2016: will send an administrative warrant.",688,11,,"2016-11-14 20:55:35","2016-11-14 20:55:35"
358,"TCE meeting Nov 9th update: ISD will do lead determination.",706,11,,"2016-11-14 20:57:24","2016-11-14 20:57:24"
359,"Update TCE meeting Nov 9th 2016: Will issue adm search warrant",1228,11,,"2016-11-14 21:00:49","2016-11-14 21:00:49"
360,"Update TCE meeting on Nov 9th: Frank went by 8/11, units are occupied, property going under foreclosure. ",1423,11,,"2016-11-14 21:02:20","2016-11-14 21:02:20"
361,"TCE meeting Nov 9th update: inspection conducted 11/7, violations were found, property going under foreclosure",7497,11,,"2016-11-14 21:03:20","2016-11-14 21:03:20"
362,"TCE meeting Nov 9th: inspection conducted, violations found, re-inspection scheduled for 11/15",18545,11,,"2016-11-14 21:05:03","2016-11-14 21:05:03"
363,"TCE meeting Nov 9th: no response from Owner, issuing 40 U tickets, will think about sending administrative order. ",15631,11,,"2016-11-14 21:11:21","2016-11-14 21:11:21"
364,"TCE meeting update Nov 9th: not an illegal basement. Lead determination conducted 11/2, found lead violations, sent report to owner and tenant. ",15846,11,,"2016-11-14 21:12:47","2016-11-14 21:12:47"
365,"TCE meeting update Nov 9th 2016: 2 units vacant, 3rd floor occupied. Property in process of selling. ",5313,11,,"2016-11-14 21:14:13","2016-11-14 21:14:13"
366,"TCE meeting Nov 9th: nothing new. ",4426,11,,"2016-11-14 21:17:22","2016-11-14 21:17:22"
367,"Update TCE meeting Nov 9th: will conduct lead determination. ",15278,11,,"2016-11-14 21:18:13","2016-11-14 21:18:13"
368,"Update TCE Nov 9th: no response from owner, starting issuing 40 U tickets. ",18035,11,,"2016-11-14 21:19:18","2016-11-14 21:19:18"
369,"TCE meeting Nov 9th 2016: Lead determination conducted 11/1, found lead violations, report sent to owner and tenants. ",1575,11,,"2016-11-14 21:27:01","2016-11-14 21:27:01"
370,"TCE meeting Nov 9th: will conduct lead determination. ",1608,11,,"2016-11-14 21:27:32","2016-11-14 21:27:32"
371,"Update Nov 9th 2016: will conduct lead determination",3967,11,,"2016-11-14 21:28:42","2016-11-14 21:28:42"
372," TCE meeting Oct 26th 2016: Will send administrative search warrant.",5286,11,,"2016-11-14 21:31:40","2016-11-14 21:31:40"
373,"TEC Oct 12th 2016: One unit is waiting for documents to verify unit is owner occupied, one unit said they would call for inspection, but no record of rescheduling, one has a CoH, 19 trash 40U tickets violation",5286,11,,"2016-11-14 21:31:44","2016-11-14 21:31:44"
340,"TEC Oct 12th 2016: One unit is waiting for documents to verify unit is owner occupied, one unit said they would call for inspection, but no record of rescheduling, one has a CoH, 19 trash 40U tickets violation

TCE meeting Oct 26th 2016: Will send administrative search warrant. ",5286,11,"2016-11-14 21:31:46","2016-10-26 21:24:25","2016-11-14 21:31:46"
374,"TCE meeting Nov 9th: owner contacted Frank, will call Jenny to schedule inspection",5286,11,,"2016-11-14 21:32:31","2016-11-14 21:32:31"
375,"TCE meeting update Nov 9th: ISD issues 40 U tickets, no proof of residency. ",4135,11,,"2016-11-14 21:33:23","2016-11-14 21:33:23"
376,"update TCE meeting Nov 9th: de-leading complete, owner waiting for Lead Compliance Letter. ",4623,11,,"2016-11-14 21:34:17","2016-11-14 21:34:17"
377,"TCE meeting Nov 9th: nothing new. ",584,11,,"2016-11-14 21:35:07","2016-11-14 21:35:07"
378,"TCE meeting Nov 9th: nothing new",36,11,,"2016-11-14 21:35:53","2016-11-14 21:35:53"
379,"TCE meeting Nov 9th: inspection scheduled 11/22",17272,11,,"2016-11-14 21:36:25","2016-11-14 21:36:25"
380,"update Nov 9th: will conduct Lead determination ",762,11,,"2016-11-14 21:37:01","2016-11-14 21:37:01"
381,"TCE meeting Nov 9th: 2 units pending, permit issued to rehab fire damage. Units vacant. ",806,11,,"2016-11-14 21:38:05","2016-11-14 21:38:05"
382,"Nov 9th TCE meeting update: Owner de-leaded, waiting for re-inspection, also repairing porches waiting on building final sign off. ",874,11,,"2016-11-14 21:39:37","2016-11-14 21:39:37"
383,"TCE meeting update Nov 9th: no answer from owner, 40 U tickets issued. ",4228,11,,"2016-11-14 21:42:49","2016-11-14 21:42:49"
384,"TCE meeting Nov 9th: no answer from owner, 40 u tickets issued",1755,11,,"2016-11-14 21:43:36","2016-11-14 21:43:36"
385,"TCE meeting Nov 9th: Nancy is waiting for Mike McAteer to sign off on an egress issue in the basement",134,11,,"2016-11-16 15:16:39","2016-11-16 15:16:39"
39,"See Click Fix - Report from Anonymous on 05/02/2016 - Illegal subletting in a unit wit multiple code violations - 2nd egress is behind a bolted door used as a room for rent - also there is NO fire escape from the 3rd floor where 4 people are living.  The fire alarms were unhooked by the tenant.  The son of the woman renting the unit is involved in gang and drug activity - the police already know because 2 years ago he shot his girlfriend in the head in this very apartment with an illegal gun.  She has rented to heroin dealers (some guy named Sydney about 6 months ago).  She was renting her livingroom out to a woman with warrants and an infant.  There are 6 people currently there with 1 bathroom.  The place has cockroaches and rats are always around the building anytime past 6 or 7pm.  Its disgusting and they are a nuisance in our community. Reported False by ISD 05/12/2016",2124,11,,"2016-07-21 02:31:16","2016-07-21 02:31:16"
386,"PP meeting Nov 2016. ISD is taking care of the electricity. Receivership not filled yet. ",836,11,,"2016-12-06 14:46:52","2016-12-06 14:46:52"
387,"PP meeting Nov 2016: Auction will be held on 12/14",2717,11,,"2016-12-06 14:48:02","2016-12-06 14:48:02"
388,"Added to PP list in Nov meeting after reviewing City Nexus priority list. ",1423,11,,"2016-12-06 14:49:20","2016-12-06 14:49:20"
389,"Update Problem Property meeting Nov 2016: Tenants are out. Secured and new lock on front door. Next step: will have to bring it to compliance. No permit yet. Amy L will put pressure on them. ",18106,11,,"2016-12-06 14:56:30","2016-12-06 14:56:30"
391,"PP meeting Sept 2016: D Ambrosio property. Need urgent ISD follow up inspection for new permit.
",15990,11,,"2016-12-06 15:14:39","2016-12-06 15:14:39"
392,"PP Nov 2016: Close to being sold by the owner (bank). ",15990,11,,"2016-12-06 15:15:07","2016-12-06 15:15:07"
393,"PP meeting Nov 2016: in Zoning Board. Trial in January. Owner wants to build a single family, neighbor appealed because of privacy. Ticketed for fence. On Watch List. ",2970,11,,"2016-12-06 15:20:26","2016-12-06 15:20:26"
394,"PP meeting Nov 2016: ISD was supposed to issue an administrative warrant but got in. not a family on 2nd floor. Will send the Fire Dpt. Law Dpt will send an email to owner. ",7585,11,,"2016-12-06 17:31:53","2016-12-06 17:31:53"
395,"PP meeting Nov 2016: owner leaves in another country. Family that lives there is afraid of letting ISD in. Will issue an administrative warrant. TND low income building. ",1228,11,,"2016-12-06 17:32:56","2016-12-06 17:32:56"
396,"PP meeting Nov 2016: on the risk score list because of the number of tickets. Keep open but not a big problem. Was onto receivership for a long time. Owner will probably sell soon. ",25,11,,"2016-12-06 17:35:35","2016-12-06 17:35:35"
397,"PP meeting Nov 2016: has been put onto receivership (Peter D'Ambrosio)",7480,11,,"2016-12-06 20:56:06","2016-12-06 20:56:06"
398,"PP meeting Nov 2016: ISD is ticketing, didn't cut overgrown vegetation. Want to build a parking lot. Right now ZBA. ",18062,11,,"2016-12-06 21:00:10","2016-12-06 21:00:10"
399,"TCE meeting Nov 30th: a contractor has been selected to fix the structural issue. ",36,11,,"2016-12-06 21:35:29","2016-12-06 21:35:29"
400,"TCE meeting Nov 30th: CoH issued. Resolved. ",17272,11,,"2016-12-06 21:36:18","2016-12-06 21:36:18"
401,"TCE update Nov 30th 2016: homeowner still working on lead abatement. Being monitored by Chelsea Restauration. ",762,11,,"2016-12-06 21:40:11","2016-12-06 21:40:11"
402,"Nov 30th: still remodeling. ",806,11,,"2016-12-06 21:41:01","2016-12-06 21:41:01"
403,"Nov 30th 2016: nothing new. ",874,11,,"2016-12-06 21:42:16","2016-12-06 21:42:16"
404,"TCE meeting Nov 30th 2016: issue resolved, CoH issued. ",1238,11,,"2016-12-06 21:43:00","2016-12-06 21:43:00"
405,"TCE meeting Nov 30th: one more month and then Adm warrant. ",4228,11,,"2016-12-06 21:43:56","2016-12-06 21:43:56"
406,"TCE meeting Nov 30th: one more month and then Adm warrant.
",1755,11,,"2016-12-06 21:44:17","2016-12-06 21:44:17"
407,"Update TCE meeting Nov 30th: Inspection completed, certificate on hold until building permit to demo illegal basement is signed off. ",2311,11,,"2016-12-06 21:46:15","2016-12-06 21:46:15"
409,"2nd Cpd Landlord Notification - SW at 159 Shurtleff Street #1. Arrested was Ernesto Muniz for Possession Class B with Intent to Distribute.
",18060,11,,"2017-01-18 19:33:51","2017-01-18 19:33:51"
408," SW at 159 Shurtleff Street #1.  Arrested was Ernesto Muniz for Possession Class B with Intent to Distribute.  ",18060,11,"2017-01-18 19:33:54","2017-01-18 19:33:19","2017-01-18 19:33:54"
410,"Jan 2017: Owner in Court - No heat for tenants, says they are squatters. Has received order from Court to fix the heat. FH will inspect. ",12340,11,,"2017-01-20 16:38:31","2017-01-20 16:38:31"
411,"Jan 2017: Owner in Court - No heat for tenants, says they are squatters. Has received order from Court to fix the heat. FH will inspect.
",19848,11,,"2017-01-20 16:38:54","2017-01-20 16:38:54"
